<policy-model>
  <title>Data Deposit Interview</title>
  <version>0.5</version>
  <date>2016-05-23</date>
  <authors>
    <group>
      <name>Privacy Tools for Sharing Research Data</name>
    </group>
  </authors>
  <keywords>privacy, legislation, Privacy Tools Project</keywords>
  <model answers-order="yes-first">
    <space root="DataTags">definitions.ts</space>
    <graph>questionnaire.dg</graph>
  </model>
  <references>
    <reference>
      Project still in bet - NOT for real world use.
    </reference>
  </references>
</policy-model>
